{
"skeleton": { "hash": "3qDlCHLIcCmVq1cOqYUj00gb2Tk", "spine": "3.5.43", "width": 0, "height": 0 },
"bones": [
	{ "name": "root" },
	{ "name": "main", "parent": "root", "x": -17.06, "y": -26.04 },
	{ "name": "arm_core", "parent": "main", "x": 16.1, "y": 26.2 },
	{ "name": "arm1", "parent": "arm_core", "length": 27.66, "rotation": -142.91, "x": -5.7, "y": -3.8 },
	{ "name": "arm2", "parent": "arm1", "length": 39.2, "rotation": 36.51, "x": 27.66, "y": 0.04 },
	{ "name": "pistolgrip", "parent": "arm2", "rotation": 106.41, "x": 46.7, "y": 3.62 }
],
"slots": [
	{ "name": "SL_pistol", "bone": "pistolgrip" },
	{ "name": "SL_arm", "bone": "arm_core", "attachment": "assets/rightarm" }
],
"skins": {
	"default": {
		"SL_arm": {
			"assets/armright_shoot": { "x": -39.09, "y": -38.42, "scaleY": 0.887, "rotation": -48.61, "width": 51, "height": 157 },
			"assets/rightarm": {
				"type": "mesh",
				"uvs": [ 1, 0.20047, 1, 0.40093, 0.80737, 0.56868, 0.61473, 0.73643, 0.62054, 1, 0.28359, 1, 0, 0.84827, 0, 0.63985, 0, 0.43143, 0.12673, 0.1976, 0.26616, 0.0988, 0.40559, 0, 0.7028, 0, 1, 0, 0.56951, 0.20551, 0.55273, 0.59086, 0.70038, 0.39658, 0.82878, 0.2006, 0.30365, 0.63593, 0.44391, 0.41263, 0.44636, 0.79459, 0.20165, 0.42345, 0.33559, 0.22303, 0.17803, 0.78566, 0.3029, 0.8041 ],
				"triangles": [ 4, 5, 20, 5, 24, 20, 20, 3, 4, 6, 23, 5, 5, 23, 24, 6, 7, 23, 20, 24, 18, 24, 23, 18, 20, 15, 3, 20, 18, 15, 23, 7, 18, 3, 15, 2, 7, 21, 18, 7, 8, 21, 18, 19, 15, 18, 21, 19, 15, 16, 2, 15, 19, 16, 8, 9, 21, 21, 22, 19, 21, 9, 22, 2, 16, 1, 19, 14, 16, 19, 22, 14, 16, 14, 17, 9, 10, 22, 22, 11, 14, 22, 10, 11, 14, 11, 12, 16, 17, 1, 17, 0, 1, 14, 12, 17, 0, 17, 13, 17, 12, 13 ],
				"vertices": [ 3, 2, 16.39, -0.9, 0.99998, 3, -19.37, 11.01, 2.0E-5, 4, -31.27, 36.8, 0, 3, 2, 16.39, -20.15, 0.67985, 3, -7.76, 26.36, 0.31339, 4, -12.8, 42.23, 0.00676, 3, 2, 0.21, -36.25, 0.09206, 3, 14.86, 29.44, 0.55643, 4, 7.21, 31.25, 0.35151, 2, 3, 37.48, 32.53, 0.03529, 4, 27.22, 20.27, 0.96471, 1, 4, 51.36, 27.87, 1, 1, 4, 59.34, 0.71, 1, 2, 2, -67.61, -63.09, -1.0E-5, 4, 52.09, -26.25, 1.00001, 3, 2, -67.61, -43.08, -3.0E-5, 3, 73.07, -6.02, 0.01172, 4, 32.89, -31.89, 0.98831, 3, 2, -67.61, -23.07, -4.0E-5, 3, 61.01, -21.97, 0.13653, 4, 13.69, -37.53, 0.86351, 3, 2, -56.97, -0.63, 0, 3, 38.97, -33.46, 0.5236, 4, -10.84, -33.65, 0.4764, 2, 3, 23.91, -33.96, 0.78174, 4, -23.25, -25.09, 0.21826, 3, 2, -33.54, 18.34, 0.01762, 3, 8.85, -34.46, 0.92269, 4, -35.65, -16.53, 0.05969, 2, 2, -8.58, 18.34, 0.57885, 3, -11.06, -19.4, 0.42115, 2, 2, 16.39, 18.34, 0.99997, 4, -49.73, 31.38, 3.0E-5, 3, 2, -19.77, -1.39, 0.02009, 3, 9.77, -10.42, 0.97228, 4, -20.6, 2.25, 0.00763, 2, 3, 33.21, 18.24, 0.03469, 4, 15.28, 11.33, 0.96531, 3, 2, -8.78, -19.73, 0.03834, 3, 12.06, 10.85, 0.82524, 4, -6.11, 17.97, 0.13642, 1, 2, 2.01, -0.91, 1, 3, 2, -42.11, -42.71, -1.0E-5, 3, 52.5, 9.07, 0.00379, 4, 25.34, -7.53, 0.99623, 3, 2, -30.32, -21.27, -1.0E-5, 3, 30.18, -0.92, 0.3141, 4, 1.45, -2.27, 0.68591, 1, 4, 36.57, 8.27, 1, 3, 2, -50.67, -22.31, -4.0E-5, 3, 47.03, -12.37, 0.16968, 4, 8.18, -21.5, 0.83036, 2, 3, 26.45, -20.93, 0.66971, 4, -13.45, -16.13, 0.33029, 2, 2, -52.66, -57.08, -1.0E-5, 4, 42.1, -13.6, 1.00001, 2, 2, -42.17, -58.85, 0, 4, 40.84, -3.03, 1 ],
				"hull": 14
			}
		},
		"SL_pistol": {
			"omni/waterpistol": { "x": 5.58, "y": -20.82, "width": 103, "height": 126 }
		}
	}
},
"animations": {
	"deploy": {
		"slots": {
			"SL_arm": {
				"attachment": [
					{ "time": 0, "name": "assets/rightarm" },
					{ "time": 0.0667, "name": "assets/armright_shoot" }
				]
			}
		},
		"bones": {
			"root": {
				"rotate": [
					{ "time": 0, "angle": 0 }
				],
				"translate": [
					{ "time": 0, "x": 0, "y": 0 }
				],
				"scale": [
					{ "time": 0, "x": 1, "y": 1 }
				]
			},
			"main": {
				"rotate": [
					{ "time": 0, "angle": 0, "curve": "stepped" },
					{ "time": 0.0667, "angle": 0 }
				],
				"translate": [
					{ "time": 0, "x": 0, "y": 0 },
					{ "time": 0.0667, "x": 14.25, "y": -21.37 }
				],
				"scale": [
					{ "time": 0, "x": 1, "y": 1, "curve": "stepped" },
					{ "time": 0.0667, "x": 1, "y": 1 }
				]
			},
			"arm_core": {
				"rotate": [
					{
						"time": 0,
						"angle": -7.62,
						"curve": [ 0.25, 0, 0.75, 1 ]
					},
					{ "time": 0.0667, "angle": 43.59 }
				],
				"translate": [
					{ "time": 0, "x": 0, "y": 0 },
					{ "time": 0.0667, "x": -14.25, "y": 21.37 }
				],
				"scale": [
					{ "time": 0, "x": 1, "y": 1, "curve": "stepped" },
					{ "time": 0.0667, "x": 1, "y": 1 }
				]
			},
			"arm1": {
				"rotate": [
					{
						"time": 0,
						"angle": -1.85,
						"curve": [ 0.807, -0.29, 0.779, 1 ]
					},
					{ "time": 0.0667, "angle": 8.07 }
				],
				"translate": [
					{ "time": 0, "x": 0, "y": 0, "curve": "stepped" },
					{ "time": 0.0667, "x": 0, "y": 0 }
				],
				"scale": [
					{ "time": 0, "x": 1, "y": 1, "curve": "stepped" },
					{ "time": 0.0667, "x": 1, "y": 1 }
				]
			},
			"arm2": {
				"rotate": [
					{
						"time": 0,
						"angle": -1.85,
						"curve": [ 0.807, -0.29, 0.779, 1 ]
					},
					{ "time": 0.0667, "angle": -37.83 }
				],
				"translate": [
					{ "time": 0, "x": 0, "y": 0, "curve": "stepped" },
					{ "time": 0.0667, "x": 0, "y": 0 }
				],
				"scale": [
					{ "time": 0, "x": 1, "y": 1, "curve": "stepped" },
					{ "time": 0.0667, "x": 1, "y": 1 }
				]
			},
			"pistolgrip": {
				"rotate": [
					{ "time": 0, "angle": 0 },
					{ "time": 0.0667, "angle": -7.88 }
				],
				"translate": [
					{ "time": 0, "x": 0.38, "y": 2.99 },
					{ "time": 0.0667, "x": 28.36, "y": 8.74 }
				],
				"scale": [
					{ "time": 0, "x": 1, "y": 1, "curve": "stepped" },
					{ "time": 0.0667, "x": 1, "y": 1 }
				]
			}
		}
	},
	"idle": {
		"slots": {
			"SL_arm": {
				"attachment": [
					{ "time": 0, "name": "assets/rightarm" }
				]
			}
		},
		"bones": {
			"root": {
				"rotate": [
					{ "time": 0, "angle": 0 }
				],
				"translate": [
					{ "time": 0, "x": 0, "y": 0 }
				],
				"scale": [
					{ "time": 0, "x": 1, "y": 1 }
				]
			},
			"main": {
				"rotate": [
					{ "time": 0, "angle": 0 }
				],
				"translate": [
					{ "time": 0, "x": 0, "y": 0 }
				],
				"scale": [
					{ "time": 0, "x": 1, "y": 1 }
				]
			},
			"arm_core": {
				"rotate": [
					{
						"time": 0,
						"angle": -7.62,
						"curve": [ 0.25, 0, 0.75, 1 ]
					},
					{
						"time": 0.6667,
						"angle": -0.22,
						"curve": [ 0.25, 0, 0.75, 1 ]
					},
					{ "time": 1.3333, "angle": -7.62 }
				],
				"translate": [
					{ "time": 0, "x": 0, "y": 0 }
				],
				"scale": [
					{ "time": 0, "x": 1, "y": 1 }
				]
			},
			"arm1": {
				"rotate": [
					{
						"time": 0,
						"angle": -1.85,
						"curve": [ 0.807, -0.29, 0.779, 1 ]
					},
					{
						"time": 0.6667,
						"angle": 3.12,
						"curve": [ 0.354, 0.04, 0.145, 1 ]
					},
					{ "time": 1.3333, "angle": -1.85 }
				],
				"translate": [
					{ "time": 0, "x": 0, "y": 0 }
				],
				"scale": [
					{ "time": 0, "x": 1, "y": 1 }
				]
			},
			"arm2": {
				"rotate": [
					{
						"time": 0,
						"angle": -1.85,
						"curve": [ 0.807, -0.29, 0.779, 1 ]
					},
					{
						"time": 0.6667,
						"angle": 6.44,
						"curve": [ 0.354, 0.04, 0.145, 1 ]
					},
					{ "time": 1.3333, "angle": -1.85 }
				],
				"translate": [
					{ "time": 0, "x": 0, "y": 0 }
				],
				"scale": [
					{ "time": 0, "x": 1, "y": 1 }
				]
			},
			"pistolgrip": {
				"rotate": [
					{ "time": 0, "angle": 0 }
				],
				"translate": [
					{ "time": 0, "x": 0.38, "y": 2.99 }
				],
				"scale": [
					{ "time": 0, "x": 1, "y": 1 }
				]
			}
		}
	},
	"put away": {
		"slots": {
			"SL_arm": {
				"attachment": [
					{ "time": 0, "name": "assets/armright_shoot" },
					{ "time": 0.0333, "name": "assets/rightarm" }
				]
			}
		},
		"bones": {
			"root": {
				"rotate": [
					{ "time": 0, "angle": 0 }
				],
				"translate": [
					{ "time": 0, "x": 0, "y": 0 }
				],
				"scale": [
					{ "time": 0, "x": 1, "y": 1 }
				]
			},
			"main": {
				"rotate": [
					{ "time": 0, "angle": 0, "curve": "stepped" },
					{ "time": 0.1333, "angle": 0 }
				],
				"translate": [
					{ "time": 0, "x": 14.25, "y": -21.37 },
					{ "time": 0.1333, "x": 0, "y": 0 }
				],
				"scale": [
					{ "time": 0, "x": 1, "y": 1, "curve": "stepped" },
					{ "time": 0.1333, "x": 1, "y": 1 }
				]
			},
			"arm_core": {
				"rotate": [
					{
						"time": 0,
						"angle": 43.59,
						"curve": [ 0.25, 0, 0.75, 1 ]
					},
					{ "time": 0.1333, "angle": -7.62 }
				],
				"translate": [
					{ "time": 0, "x": -14.25, "y": 21.37 },
					{ "time": 0.1333, "x": 0, "y": 0 }
				],
				"scale": [
					{ "time": 0, "x": 1, "y": 1, "curve": "stepped" },
					{ "time": 0.1333, "x": 1, "y": 1 }
				]
			},
			"arm1": {
				"rotate": [
					{
						"time": 0,
						"angle": 8.07,
						"curve": [ 0.807, -0.29, 0.779, 1 ]
					},
					{ "time": 0.1333, "angle": -1.85 }
				],
				"translate": [
					{ "time": 0, "x": 0, "y": 0, "curve": "stepped" },
					{ "time": 0.1333, "x": 0, "y": 0 }
				],
				"scale": [
					{ "time": 0, "x": 1, "y": 1, "curve": "stepped" },
					{ "time": 0.1333, "x": 1, "y": 1 }
				]
			},
			"arm2": {
				"rotate": [
					{
						"time": 0,
						"angle": -37.83,
						"curve": [ 0.807, -0.29, 0.779, 1 ]
					},
					{ "time": 0.1333, "angle": -1.85 }
				],
				"translate": [
					{ "time": 0, "x": 0, "y": 0, "curve": "stepped" },
					{ "time": 0.1333, "x": 0, "y": 0 }
				],
				"scale": [
					{ "time": 0, "x": 1, "y": 1, "curve": "stepped" },
					{ "time": 0.1333, "x": 1, "y": 1 }
				]
			},
			"pistolgrip": {
				"rotate": [
					{ "time": 0, "angle": -7.88 },
					{ "time": 0.1333, "angle": 0 }
				],
				"translate": [
					{ "time": 0, "x": 28.36, "y": 8.74 },
					{ "time": 0.1333, "x": 0.38, "y": 2.99 }
				],
				"scale": [
					{ "time": 0, "x": 1, "y": 1, "curve": "stepped" },
					{ "time": 0.1333, "x": 1, "y": 1 }
				]
			}
		}
	},
	"reload": {
		"slots": {
			"SL_arm": {
				"attachment": [
					{ "time": 0, "name": "assets/rightarm" },
					{ "time": 0.5, "name": "assets/rightarm" }
				]
			}
		},
		"bones": {
			"root": {
				"rotate": [
					{ "time": 0, "angle": 0 }
				],
				"translate": [
					{ "time": 0, "x": 0, "y": 0 }
				],
				"scale": [
					{ "time": 0, "x": 1, "y": 1 }
				]
			},
			"main": {
				"rotate": [
					{ "time": 0, "angle": 0, "curve": "stepped" },
					{ "time": 0.5, "angle": 0, "curve": "stepped" },
					{ "time": 0.6, "angle": 0, "curve": "stepped" },
					{ "time": 0.7, "angle": 0 }
				],
				"translate": [
					{ "time": 0, "x": 0, "y": 0, "curve": "stepped" },
					{ "time": 0.5, "x": 0, "y": 0, "curve": "stepped" },
					{ "time": 0.6, "x": 0, "y": 0, "curve": "stepped" },
					{ "time": 0.7, "x": 0, "y": 0 }
				],
				"scale": [
					{ "time": 0, "x": 1, "y": 1, "curve": "stepped" },
					{ "time": 0.5, "x": 1, "y": 1, "curve": "stepped" },
					{ "time": 0.6, "x": 1, "y": 1 }
				]
			},
			"arm_core": {
				"rotate": [
					{
						"time": 0,
						"angle": -0.22,
						"curve": [ 0.25, 0, 0.75, 1 ]
					},
					{
						"time": 0.5,
						"angle": -7.47,
						"curve": [ 0.25, 0, 0.75, 1 ]
					},
					{ "time": 0.6, "angle": 4.8, "curve": "stepped" },
					{ "time": 0.7333, "angle": 4.8 },
					{ "time": 0.8333, "angle": -7.62 }
				],
				"translate": [
					{ "time": 0, "x": 0, "y": 0, "curve": "stepped" },
					{ "time": 0.5, "x": 0, "y": 0, "curve": "stepped" },
					{ "time": 0.6, "x": 0, "y": 0 },
					{
						"time": 0.6667,
						"x": -15.2,
						"y": 0,
						"curve": [ 0.071, 0.67, 0.75, 1 ]
					},
					{ "time": 0.7333, "x": 0, "y": 0 }
				],
				"scale": [
					{ "time": 0, "x": 1, "y": 1, "curve": "stepped" },
					{ "time": 0.5, "x": 1, "y": 1, "curve": "stepped" },
					{ "time": 0.6, "x": 1, "y": 1 }
				]
			},
			"arm1": {
				"rotate": [
					{ "time": 0, "angle": 3.12, "curve": "stepped" },
					{
						"time": 0.5,
						"angle": 3.12,
						"curve": [ 0.354, 0.04, 0.145, 1 ]
					},
					{ "time": 0.6, "angle": 15.86, "curve": "stepped" },
					{ "time": 0.7333, "angle": 15.86 },
					{ "time": 0.8333, "angle": -1.85 }
				],
				"translate": [
					{ "time": 0, "x": 0, "y": 0, "curve": "stepped" },
					{ "time": 0.5, "x": 0, "y": 0, "curve": "stepped" },
					{ "time": 0.6, "x": 0, "y": 0, "curve": "stepped" },
					{ "time": 0.7333, "x": 0, "y": 0, "curve": "stepped" },
					{ "time": 0.8333, "x": 0, "y": 0 }
				],
				"scale": [
					{ "time": 0, "x": 1, "y": 1, "curve": "stepped" },
					{ "time": 0.5, "x": 1, "y": 1, "curve": "stepped" },
					{ "time": 0.6, "x": 1, "y": 1, "curve": "stepped" },
					{ "time": 0.8333, "x": 1, "y": 1 }
				]
			},
			"arm2": {
				"rotate": [
					{ "time": 0, "angle": 6.44, "curve": "stepped" },
					{
						"time": 0.5,
						"angle": 6.44,
						"curve": [ 0.354, 0.04, 0.145, 1 ]
					},
					{ "time": 0.6, "angle": 60.74 },
					{ "time": 0.6667, "angle": 71.57, "curve": "stepped" },
					{ "time": 0.7333, "angle": 71.57 },
					{ "time": 0.8333, "angle": -1.85 }
				],
				"translate": [
					{ "time": 0, "x": 0, "y": 0, "curve": "stepped" },
					{ "time": 0.5, "x": 0, "y": 0, "curve": "stepped" },
					{ "time": 0.6, "x": 0, "y": 0 },
					{
						"time": 0.6667,
						"x": 4.47,
						"y": -7.09,
						"curve": [ 0.071, 0.67, 0.75, 1 ]
					},
					{ "time": 0.7333, "x": 0, "y": 0, "curve": "stepped" },
					{ "time": 0.8333, "x": 0, "y": 0 }
				],
				"scale": [
					{ "time": 0, "x": 1, "y": 1, "curve": "stepped" },
					{ "time": 0.5, "x": 1, "y": 1, "curve": "stepped" },
					{ "time": 0.6, "x": 1, "y": 1, "curve": "stepped" },
					{ "time": 0.8333, "x": 1, "y": 1 }
				]
			},
			"pistolgrip": {
				"rotate": [
					{ "time": 0, "angle": 0, "curve": "stepped" },
					{ "time": 0.5, "angle": 0 },
					{ "time": 0.5667, "angle": -161.03 },
					{ "time": 0.6333, "angle": -261.99 },
					{ "time": 0.7, "angle": 17.01 },
					{ "time": 0.7667, "angle": 0 }
				],
				"translate": [
					{ "time": 0, "x": 0.38, "y": 2.99, "curve": "stepped" },
					{ "time": 0.5, "x": 0.38, "y": 2.99 }
				],
				"scale": [
					{ "time": 0, "x": 1.204, "y": 1.1, "curve": "stepped" },
					{ "time": 0.5, "x": 1.204, "y": 1.1 }
				]
			}
		}
	},
	"shoot": {
		"slots": {
			"SL_arm": {
				"attachment": [
					{ "time": 0, "name": "assets/armright_shoot" }
				]
			}
		},
		"bones": {
			"root": {
				"rotate": [
					{ "time": 0, "angle": 0 }
				],
				"translate": [
					{ "time": 0, "x": 0, "y": 0 }
				],
				"scale": [
					{ "time": 0, "x": 1, "y": 1 }
				]
			},
			"main": {
				"rotate": [
					{ "time": 0, "angle": 0 }
				],
				"translate": [
					{ "time": 0, "x": 14.25, "y": -21.37 }
				],
				"scale": [
					{ "time": 0, "x": 1, "y": 1 }
				]
			},
			"arm_core": {
				"rotate": [
					{
						"time": 0,
						"angle": 43.59,
						"curve": [ 0.25, 0, 0.75, 1 ]
					},
					{ "time": 0.0333, "angle": 51.31 },
					{ "time": 0.0667, "angle": 44.88 },
					{ "time": 0.1, "angle": 46.95 },
					{ "time": 0.1333, "angle": 44.67, "curve": "stepped" },
					{ "time": 1, "angle": 44.67 }
				],
				"translate": [
					{ "time": 0, "x": -14.25, "y": 21.37 }
				],
				"scale": [
					{ "time": 0, "x": 1, "y": 1 }
				]
			},
			"arm1": {
				"rotate": [
					{ "time": 0, "angle": 8.07 }
				],
				"translate": [
					{ "time": 0, "x": 0, "y": 0 }
				],
				"scale": [
					{ "time": 0, "x": 1, "y": 1 }
				]
			},
			"arm2": {
				"rotate": [
					{ "time": 0, "angle": -37.83 }
				],
				"translate": [
					{ "time": 0, "x": 0, "y": 0 }
				],
				"scale": [
					{ "time": 0, "x": 1, "y": 1 }
				]
			},
			"pistolgrip": {
				"rotate": [
					{ "time": 0, "angle": -7.88 },
					{ "time": 0.0667, "angle": -8.33 },
					{ "time": 0.1, "angle": -13.9 }
				],
				"translate": [
					{ "time": 0, "x": 28.36, "y": 8.74 }
				],
				"scale": [
					{ "time": 0, "x": 1, "y": 1 }
				]
			}
		}
	}
}
}